{"cameraMode":{"drawMode":0,"name":"Shaded","section":"Shading Mode"},"sceneLighting":false,"audioPlay":false,"sceneViewState":{"showFog":true,"showMaterialUpdate":false,"showSkybox":false,"showFlares":true,"showImageEffects":true,"showParticleSystems":true},"in2DMode":false,"pivot":{"x":-0.024000000208616258,"y":2.009333848953247,"z":1.1856956481933594},"rotation":{"x":-0.0015994540881365538,"y":-0.99843430519104,"z":0.0269688181579113,"w":-0.05243907868862152},"size":0.12147587537765503,"orthographic":false}