{"cameraMode":{"drawMode":0,"name":"Shaded","section":"Shading Mode"},"sceneLighting":false,"audioPlay":false,"sceneViewState":{"showFog":true,"showMaterialUpdate":false,"showSkybox":false,"showFlares":true,"showImageEffects":true,"showParticleSystems":true},"in2DMode":false,"pivot":{"x":8.160111427307129,"y":1.8944528102874756,"z":-10.43227767944336},"rotation":{"x":-0.10914712399244309,"y":-0.873674213886261,"z":0.2290816754102707,"w":-0.41551417112350466},"size":0.328003466129303,"orthographic":false}