{"cameraMode":{"drawMode":0,"name":"Shaded","section":"Shading Mode"},"sceneLighting":false,"audioPlay":false,"sceneViewState":{"showFog":true,"showMaterialUpdate":false,"showSkybox":false,"showFlares":true,"showImageEffects":true,"showParticleSystems":true},"in2DMode":false,"pivot":{"x":14.470000267028809,"y":2.802976608276367,"z":-0.3374500274658203},"rotation":{"x":0.13794425129890443,"y":0.7058110237121582,"z":-0.1431388407945633,"w":0.6800243854522705},"size":4.913496971130371,"orthographic":false}