{"cameraMode":{"drawMode":0,"name":"Shaded","section":"Shading Mode"},"sceneLighting":false,"audioPlay":false,"sceneViewState":{"showFog":true,"showMaterialUpdate":false,"showSkybox":false,"showFlares":true,"showImageEffects":true,"showParticleSystems":true},"in2DMode":false,"pivot":{"x":-26.729202270507814,"y":0.6743406057357788,"z":21.65451431274414},"rotation":{"x":0.20254358649253846,"y":0.6569008827209473,"z":-0.18910029530525208,"w":0.7015184164047241},"size":5.360026836395264,"orthographic":false}