{"cameraMode":{"drawMode":0,"name":"Shaded","section":"Shading Mode"},"sceneLighting":false,"audioPlay":false,"sceneViewState":{"showFog":true,"showMaterialUpdate":false,"showSkybox":false,"showFlares":true,"showImageEffects":true,"showParticleSystems":true},"in2DMode":false,"pivot":{"x":0.0,"y":1.0363432168960572,"z":4.9418230056762699},"rotation":{"x":-0.026785004884004594,"y":-0.965924859046936,"z":0.23209220170974732,"w":-0.11146841198205948},"size":0.7119802832603455,"orthographic":false}