{"cameraMode":{"drawMode":0,"name":"Shaded","section":"Shading Mode"},"sceneLighting":false,"audioPlay":false,"sceneViewState":{"showFog":true,"showMaterialUpdate":false,"showSkybox":false,"showFlares":true,"showImageEffects":true,"showParticleSystems":true},"in2DMode":false,"pivot":{"x":-86.05460357666016,"y":0.25524014234542849,"z":44.83919906616211},"rotation":{"x":0.20254358649253846,"y":0.6569008827209473,"z":-0.18910029530525208,"w":0.7015184164047241},"size":3.9008781909942629,"orthographic":false}