{"cameraMode":{"drawMode":0,"name":"Shaded","section":"Shading Mode"},"sceneLighting":false,"audioPlay":false,"sceneViewState":{"showFog":true,"showMaterialUpdate":false,"showSkybox":true,"showFlares":true,"showImageEffects":true,"showParticleSystems":true},"in2DMode":false,"pivot":{"x":-7.346531391143799,"y":1.6230798959732056,"z":-8.487648963928223},"rotation":{"x":-0.43119651079177859,"y":-0.46583855152130129,"z":0.27817532420158389,"w":-0.7211888432502747},"size":2.2727084159851076,"orthographic":false}