{"cameraMode":{"drawMode":0,"name":"Shaded","section":"Shading Mode"},"sceneLighting":false,"audioPlay":false,"sceneViewState":{"showFog":true,"showMaterialUpdate":false,"showSkybox":false,"showFlares":true,"showImageEffects":true,"showParticleSystems":true},"in2DMode":false,"pivot":{"x":57.12000274658203,"y":0.08053506910800934,"z":-30.58700180053711},"rotation":{"x":0.20254358649253846,"y":0.6569008827209473,"z":-0.18910029530525208,"w":0.7015184164047241},"size":2.966186285018921,"orthographic":false}