{"cameraMode":{"drawMode":0,"name":"Shaded","section":"Shading Mode"},"sceneLighting":false,"audioPlay":false,"sceneViewState":{"showFog":true,"showMaterialUpdate":false,"showSkybox":false,"showFlares":true,"showImageEffects":true,"showParticleSystems":true},"in2DMode":false,"pivot":{"x":0.0,"y":1.3103432655334473,"z":3.519822597503662},"rotation":{"x":-0.20489846169948579,"y":-0.6578728556632996,"z":0.19296260178089143,"w":-0.6985718011856079},"size":0.7119805812835693,"orthographic":false}