{"cameraMode":{"drawMode":0,"name":"Shaded","section":"Shading Mode"},"sceneLighting":false,"audioPlay":false,"sceneViewState":{"showFog":true,"showMaterialUpdate":false,"showSkybox":false,"showFlares":true,"showImageEffects":true,"showParticleSystems":true},"in2DMode":false,"pivot":{"x":-4.374998092651367,"y":0.3195350766181946,"z":1.1919989585876465},"rotation":{"x":0.20254358649253846,"y":0.6569008827209473,"z":-0.18910029530525208,"w":0.7015184164047241},"size":3.1522367000579836,"orthographic":false}