{"cameraMode":{"drawMode":0,"name":"Shaded","section":"Shading Mode"},"sceneLighting":false,"audioPlay":false,"sceneViewState":{"showFog":true,"showMaterialUpdate":false,"showSkybox":false,"showFlares":true,"showImageEffects":true,"showParticleSystems":true},"in2DMode":false,"pivot":{"x":-7.895999908447266,"y":0.6743406057357788,"z":-10.513999938964844},"rotation":{"x":-0.010210012085735798,"y":-0.968254804611206,"z":0.24652408063411714,"w":-0.04010267183184624},"size":2.0600287914276125,"orthographic":false}