{"cameraMode":{"drawMode":0,"name":"Shaded","section":"Shading Mode"},"sceneLighting":false,"audioPlay":false,"sceneViewState":{"showFog":true,"showMaterialUpdate":false,"showSkybox":false,"showFlares":true,"showImageEffects":true,"showParticleSystems":true},"in2DMode":false,"pivot":{"x":4.444890975952148,"y":1.1119552850723267,"z":5.318999767303467},"rotation":{"x":-0.010210012085735798,"y":-0.968254804611206,"z":0.24652408063411714,"w":-0.04010267183184624},"size":0.4774371385574341,"orthographic":false}