{"cameraMode":{"drawMode":0,"name":"Shaded","section":"Shading Mode"},"sceneLighting":false,"audioPlay":false,"sceneViewState":{"showFog":true,"showMaterialUpdate":false,"showSkybox":false,"showFlares":true,"showImageEffects":true,"showParticleSystems":true},"in2DMode":false,"pivot":{"x":6.942966461181641,"y":2.038632392883301,"z":-8.929563522338868},"rotation":{"x":-0.03873036801815033,"y":-0.1694483757019043,"z":0.0066644796170294289,"w":-0.9847559928894043},"size":19.201147079467775,"orthographic":false}