{"cameraMode":{"drawMode":0,"name":"Shaded","section":"Shading Mode"},"sceneLighting":false,"audioPlay":false,"sceneViewState":{"showFog":true,"showMaterialUpdate":false,"showSkybox":false,"showFlares":true,"showImageEffects":true,"showParticleSystems":true},"in2DMode":false,"pivot":{"x":-5.857803821563721,"y":1.948085069656372,"z":-8.353633880615235},"rotation":{"x":-0.010210012085735798,"y":-0.968254804611206,"z":0.24652408063411714,"w":-0.04010267183184624},"size":0.34071728587150576,"orthographic":false}