{"cameraMode":{"drawMode":0,"name":"Shaded","section":"Shading Mode"},"sceneLighting":false,"audioPlay":false,"sceneViewState":{"showFog":true,"showMaterialUpdate":false,"showSkybox":false,"showFlares":true,"showImageEffects":true,"showParticleSystems":true},"in2DMode":false,"pivot":{"x":-0.04800000041723251,"y":2.018667697906494,"z":1.1593912839889527},"rotation":{"x":-0.010210012085735798,"y":-0.968254804611206,"z":0.24652408063411714,"w":-0.04010267183184624},"size":1.1660208702087403,"orthographic":false}