{"cameraMode":{"drawMode":0,"name":"Shaded","section":"Shading Mode"},"sceneLighting":false,"audioPlay":false,"sceneViewState":{"showFog":false,"showMaterialUpdate":false,"showSkybox":false,"showFlares":false,"showImageEffects":false,"showParticleSystems":false},"in2DMode":false,"pivot":{"x":21.52899932861328,"y":0.1675390601158142,"z":28.501981735229493},"rotation":{"x":0.15714602172374726,"y":-0.7202020287513733,"z":0.17122520506381989,"w":0.6540161967277527},"size":2.966186285018921,"orthographic":false}