{"cameraMode":{"drawMode":0,"name":"Shaded","section":"Shading Mode"},"sceneLighting":false,"audioPlay":false,"sceneViewState":{"showFog":false,"showMaterialUpdate":false,"showSkybox":false,"showFlares":false,"showImageEffects":false,"showParticleSystems":false},"in2DMode":false,"pivot":{"x":-45.45736312866211,"y":0.6489353179931641,"z":68.37342071533203},"rotation":{"x":0.15714602172374726,"y":-0.7202020287513733,"z":0.17122520506381989,"w":0.6540161967277527},"size":5.360026836395264,"orthographic":false}