{"cameraMode":{"drawMode":0,"name":"Shaded","section":"Shading Mode"},"sceneLighting":false,"audioPlay":false,"sceneViewState":{"showFog":true,"showMaterialUpdate":false,"showSkybox":false,"showFlares":true,"showImageEffects":true,"showParticleSystems":true},"in2DMode":false,"pivot":{"x":7.394999980926514,"y":1.025918960571289,"z":-9.333999633789063},"rotation":{"x":-0.06476378440856934,"y":-0.003894589841365814,"z":0.0002527779433876276,"w":-0.9978933930397034},"size":3.9694576263427736,"orthographic":false}